Docket Number,Case Name,p_grant,predicted at UTC,request sha,Model
25-882,"Andrew D. Parker, et al., Petitioners v. Bill Gates, as a Member of the Maricopa County Board of Supervisors, et al",0.0205270648318328,2026-09-27T23:48:12.362128+00:00,27b9c5494634a173,ModernBERT-base (fine-tuned)
25-901,"Benancio Garcia, III, Petitioner v. Steven Hobbs, Secretary of State of Washington, et al",0.0243961930081577,2026-09-27T23:48:12.362128+00:00,4b730e62fad7473a,ModernBERT-base (fine-tuned)
25-918,"Jose A. Trevino, et al., Petitioners v. Steven Hobbs, Secretary of State of Washington, et al",0.0142707321425875,2026-09-27T23:48:12.362128+00:00,443887a7032a0435,ModernBERT-base (fine-tuned)
25-1030,"Christopher R. Cummins, Petitioner v. Illinois",0.0038830047747224,2026-09-27T23:48:12.362128+00:00,c260fd4368d413b9,ModernBERT-base (fine-tuned)
25-1061,"Holly Ann Elkins, Petitioner v. United States",0.1429067332514773,2026-09-27T23:48:12.362128+00:00,c0858c552c9f3f72,ModernBERT-base (fine-tuned)
25-1062,"Jessica Pitts, Officer, et al., Petitioners v. Taylor Burke, as Special Administrator of the Estate of Thomas Gay, Deceased",0.0131558173358994,2026-09-27T23:48:12.362128+00:00,3bd54572ce95fe97,ModernBERT-base (fine-tuned)
25-1070,"AstraZeneca Pharmaceuticals LP, et al., Petitioners v. Mosaic Health, Inc., et al",0.1061690416151897,2026-09-27T23:48:12.362128+00:00,59d11cb90491cc63,ModernBERT-base (fine-tuned)
25-1089,"Fairfield Sentry Ltd., et al., Petitioners v. Citibank NA London, et al",0.25460090446462,2026-09-27T23:48:12.362128+00:00,46b7de594295f51f,ModernBERT-base (fine-tuned)
25-1091,"Davie County, North Carolina, et al., Petitioners v. Juiliana Swink, Administratrix of the Estate of David Ray Gunter, et al",0.0182822921540828,2026-09-27T23:48:12.362128+00:00,4945c71d0c3f0215,ModernBERT-base (fine-tuned)
25-1098,"Ryan O'Donnell, et al., Petitioners v. City of Chicago, Illinois, et al",0.0037040135190333,2026-09-27T23:48:12.362128+00:00,327cd3a74722c17d,ModernBERT-base (fine-tuned)
25-1099,"Quashaun Melsun Reel, Petitioner v. North Carolina",0.0442739055340856,2026-09-27T23:48:12.362128+00:00,1b76681caa1eddfb,ModernBERT-base (fine-tuned)
25-1103,"U.S. Doge Service, et al., Petitioners v. United States District Court for the District of Columbia, et al",0.3878839650668095,2026-09-27T23:48:12.362128+00:00,ee85419329012212,ModernBERT-base (fine-tuned)
25-1105,"Frank Thompson, Petitioner v. Carl Wilson, Commissioner, Maine Department of Marine Resources",0.0626805155430866,2026-09-27T23:48:12.362128+00:00,bc497cbfdbab228d,ModernBERT-base (fine-tuned)
25-1108,"Christopher Zook, et al., Petitioners v. Scott Fuqua",0.037943042752193,2026-09-27T23:48:12.362128+00:00,1412b025a728a50a,ModernBERT-base (fine-tuned)
25-1115,"Utah, Petitioner v. Morris Thomas Mullins",0.1769368502404706,2026-09-27T23:48:12.362128+00:00,3a746eefd037267d,ModernBERT-base (fine-tuned)
25-1123,"Kevin Steele, Petitioner v. Douglas A. Collins, Secretary of Veterans Affairs",0.0677775495406753,2026-09-27T23:48:12.362128+00:00,b70d0d3c0b5c366b,ModernBERT-base (fine-tuned)
25-1128,"Ronnie Alexander, Petitioner v. Philip R. Taft Psy D and Associates, P.L.L.C., et al",0.0430022730460761,2026-09-27T23:48:12.362128+00:00,67c16b775d15610a,ModernBERT-base (fine-tuned)
25-1130,"Cherry Grove Beach Gear, LLC, et al., Petitioners v. City of North Myrtle Beach, South Carolina",0.0041372048163878,2026-09-27T23:48:12.362128+00:00,a301b16d67f60eec,ModernBERT-base (fine-tuned)
25-1131,"Missionaries of Saint John the Baptist, Inc., Petitioner v. Joel Frederic, et ux",0.1031066477563834,2026-09-27T23:48:12.362128+00:00,afd311bd71e7410a,ModernBERT-base (fine-tuned)
25-1141,"Jason Tywann Bell, Petitioner v. John Gilley, Warden",0.0240709962017988,2026-09-27T23:48:12.362128+00:00,a107f3707c9f6e1d,ModernBERT-base (fine-tuned)
25-1142,"Mark Zavislak, Petitioner v. Netflix, Inc",0.125637382135883,2026-09-27T23:48:12.362128+00:00,562043a64199af87,ModernBERT-base (fine-tuned)
25-1143,"D. A., a Minor, By and Through his Mother, B. A., et al., Petitioners v. Tri County Area Schools, et al",0.1366426034110402,2026-09-27T23:48:12.362128+00:00,4165d83e7c6b32c0,ModernBERT-base (fine-tuned)
25-1144,"Daisey Trust, By and Through Its Trustee Eddie Haddad, et al., Petitioners v. Federal Housing Finance Agency, et al",0.0187355968632994,2026-09-27T23:48:12.362128+00:00,debea463b844328c,ModernBERT-base (fine-tuned)
25-1145,"Council For Responsible Nutrition, Petitioner v. Letitia James, in Her Official Capacity as New York Attorney General",0.0453305286960054,2026-09-27T23:48:12.362128+00:00,57359467eefbdde6,ModernBERT-base (fine-tuned)
25-1146,"Angelo Pesavento, et al., Petitioners v. Eddie L. Bolden",0.0931721351497036,2026-09-27T23:48:12.362128+00:00,0d352c03b68f6cca,ModernBERT-base (fine-tuned)
25-1148,"Parker C. Myslow, Petitioner v. United States",0.0051034082884329,2026-09-27T23:48:12.362128+00:00,5e843608026e6edd,ModernBERT-base (fine-tuned)
25-1158,"Amy Hadley, Petitioner v. City of South Bend, Indiana, et al",0.2267082848691549,2026-09-27T23:48:12.362128+00:00,3c37ddbe26ac289f,ModernBERT-base (fine-tuned)
25-1163,"Carlos Pena, Petitioner v. City of Los Angeles, California",0.0998850687414965,2026-09-27T23:48:12.362128+00:00,d3ef89ff36b52025,ModernBERT-base (fine-tuned)
25-1170,"Winnemucca Indian Colony, Petitioner v. United States",0.0171385839119615,2026-09-27T23:48:12.362128+00:00,bcede596d99febea,ModernBERT-base (fine-tuned)
25-1176,"Marion Alexander Lindsey, Petitioner v. South Carolina",0.0096787898101895,2026-09-27T23:48:12.362128+00:00,4f1a9896a2065a55,ModernBERT-base (fine-tuned)
25-1191,"Michael Joseph Gasper, Petitioner v. Wisconsin",0.0053071084295698,2026-09-27T23:48:12.362128+00:00,f80a94fe57025344,ModernBERT-base (fine-tuned)
25-1192,"PG Publishing Company, Inc., dba Pittsburgh Post-Gazette, Petitioner v. National Labor Relations Board, et al",0.0231684735676472,2026-09-27T23:48:12.362128+00:00,4964a1c758ea856d,ModernBERT-base (fine-tuned)
25-1195,"John David Trice, Petitioner v. Texas",0.0388302152316794,2026-09-27T23:48:12.362128+00:00,1c5e9c9b461e0c39,ModernBERT-base (fine-tuned)
25-1197,"Brandi Greer, Petitioner v. Benton School District",0.621451274699712,2026-09-27T23:48:12.362128+00:00,0e1dd0cff3b01431,ModernBERT-base (fine-tuned)
25-1199,"Fred Davis Clark, Jr., Petitioner v. United States",0.1078127193010145,2026-09-27T23:48:12.362128+00:00,2cbd73370a395da0,ModernBERT-base (fine-tuned)
25-1201,"National Small Business United, dba National Small Business Association, et al., Petitioners v. Scott Bessent, Secretary of the Treasury, et al",0.1746911321217672,2026-09-27T23:48:12.362128+00:00,62941e3992fd19d9,ModernBERT-base (fine-tuned)
25-1205,"Michael Mendenhall, Petitioner v. City and County of Denver, Colorado",0.0854493900232189,2026-09-27T23:48:12.362128+00:00,ad5921ba44a219af,ModernBERT-base (fine-tuned)
25-1208,"Norfolk Southern Railway Company, Petitioner v. Robert Willmore Mallory, as Administrator of the Estate of Robert Thurston Mallory, et al",0.1439952293017339,2026-09-27T23:48:12.362128+00:00,250762abaeea5428,ModernBERT-base (fine-tuned)
25-1210,"David Petersen, et al., Petitioners v. Snohomish Regional Fire and Rescue",0.1996364310099704,2026-09-27T23:48:12.362128+00:00,37566738b7bd9658,ModernBERT-base (fine-tuned)
25-1215,"Mark B. Cohen, Petitioner v. Judicial Conduct Board of Pennsylvania",0.0102850054466148,2026-09-27T23:48:12.362128+00:00,b0ce9a7ceb154e30,ModernBERT-base (fine-tuned)
25-1219,"United States, Petitioner v. Charles Hembree",0.081083453711162,2026-09-27T23:48:12.362128+00:00,d630597dc62eeb48,ModernBERT-base (fine-tuned)
25-1240,"Azadeh Khatibi, et al., Petitioners v. Felix C. Yip, President of the Medical Board of California, et al",0.1216233608631005,2026-09-27T23:48:12.362128+00:00,ad49074c73d5ae0d,ModernBERT-base (fine-tuned)
25-1242,"Denise Hughes, as Administrator of the Estate of Edwin Dewayne Moss, Petitioner v. Monique N. Locure, Administratrix of the Estate of Darian K. Locure",0.127637113810493,2026-09-27T23:48:12.362128+00:00,0e08d5e7c05d2add,ModernBERT-base (fine-tuned)
25-1243,"Nexstar Media Group, Inc., et al., Petitioners v. DirecTV, LLC",0.0746804934424006,2026-09-27T23:48:12.362128+00:00,21658064df60cae2,ModernBERT-base (fine-tuned)
25-1246,"Richard Vasquez, Petitioner v. Eric Guerrero, Director, Texas Department of Criminal Justice, Correctional Institutions Division",0.0078299290206659,2026-09-27T23:48:12.362128+00:00,843d2ed716309410,ModernBERT-base (fine-tuned)
25-1248,"Rio Grande Foundation, Petitioner v. Maggie Toulouse Oliver, in Her Official Capacity as Secretary of State of New Mexico",0.1220102370066759,2026-09-27T23:48:12.362128+00:00,a68430ecad5f9cca,ModernBERT-base (fine-tuned)
25-1250,"Karina Sigalovskaya, Petitioner v. Abigail Braden, Individually and in Her Official Capacity as a Special Agent for the Department of Homeland Security",0.0618464280502725,2026-09-27T23:48:12.362128+00:00,d2d720a1785ce78a,ModernBERT-base (fine-tuned)
25-1254,"Judith L. Harvey, as Trustee of the David T. & Judith L. Harvey Trust, and as Personal Representative of the Estate of David T. Harvey, Deceased, Petitioner v. City of Reno, Nevada, et al",0.0017114983929931,2026-09-27T23:48:12.362128+00:00,e02279dce988d78f,ModernBERT-base (fine-tuned)
25-1256,"Petróleos de Venezuela, S.A., et al., Petitioners v. Helmerich & Payne International Drilling Co",0.0502143075951504,2026-09-27T23:48:12.362128+00:00,7a142c10266e59d2,ModernBERT-base (fine-tuned)
25-1262,"Gabriella Victoria Oropesa, Petitioner v. United States",0.0261366542754682,2026-09-27T23:48:12.362128+00:00,e0451dc891c4cc55,ModernBERT-base (fine-tuned)
25-1263,"Ricky Darnell Patterson, Petitioner v. Michigan",0.0001114549758132,2026-09-27T23:48:12.362128+00:00,486ff9eb0dc298fe,ModernBERT-base (fine-tuned)
25-1269,"Burford German Funding LLC, et al., Petitioners v. financialright claims GmbH",0.0290707675793836,2026-09-27T23:48:12.362128+00:00,38b0bd69efe5a431,ModernBERT-base (fine-tuned)
25-1274,"Michael St. Clair, Petitioner v. Willis Pettit, Warden",0.0022138999846174,2026-09-27T23:48:12.362128+00:00,956d98269a730ae5,ModernBERT-base (fine-tuned)
25-1277,"Scott R. Williams, Petitioner v. Pennsylvania",0.0003107704849625,2026-09-27T23:48:12.362128+00:00,4ac20c23c9ca43fd,ModernBERT-base (fine-tuned)
25-1284,"Mario Dion Woodward, Petitioner v. Alabama",0.0031568197463084,2026-09-27T23:48:12.362128+00:00,6117ebad8dba929e,ModernBERT-base (fine-tuned)
25-1285,"Moneesha Kamani, Petitioner v. Michael A. Stone, DVM, and His Marital Community/Domestic Partnership, et al",0.0001288719607321,2026-09-27T23:48:12.362128+00:00,fd025f97368a29e6,ModernBERT-base (fine-tuned)
25-1287,"N. R., et al., Petitioners v. Keith M. Ellison, Attorney General of Minnesota, et al",0.0115678654737501,2026-09-27T23:48:12.362128+00:00,b8f0922f79b5c7f9,ModernBERT-base (fine-tuned)
25-1288,"Wisconsin Voter Alliance, et al., Petitioners v. Don M. Millis, Commissioner, Wisconsin Elections Commission, et al",0.0018511840114572,2026-09-27T23:48:12.362128+00:00,8a24f97ee984f126,ModernBERT-base (fine-tuned)
25-1289,"Tomasa Gabriella Bolanos-Reynoso, Petitioner v. Department of Agriculture",0.000163136301046,2026-09-27T23:48:12.362128+00:00,7768022cdc2eb6ca,ModernBERT-base (fine-tuned)
25-1290,"Texas Top Cop Shop, Incorporated, et al., Petitioners v. Todd Blanche, Attorney General, et al",0.0235341965370145,2026-09-27T23:48:12.362128+00:00,5d921b57a638267d,ModernBERT-base (fine-tuned)
25-1292,"Yesit Campo, as Personal Representative of the Estate of Arlevys Molina, et al., Petitioners v. Uber Technologies, Inc., et al",7.428732274025261e-06,2026-09-27T23:48:12.362128+00:00,59282d68456da4e3,ModernBERT-base (fine-tuned)
25-1294,"F.E.B. Corp., Petitioner v. United States",5.590657118470495e-05,2026-09-27T23:48:12.362128+00:00,2275159e2bb2ec63,ModernBERT-base (fine-tuned)
25-1295,"Donovan Moore, et al., Petitioners v. Ashly Romero, as Personal Representative for the Estate of Stephen Romero, Deceased, et al",0.0324676623412595,2026-09-27T23:48:12.362128+00:00,2457589594f3699b,ModernBERT-base (fine-tuned)
25-1298,"Patrice Honeycutt, Petitioner v. JPMorgan Chase Bank, N.A., et al",4.0378512344344175e-05,2026-09-27T23:48:12.362128+00:00,947179ced662725d,ModernBERT-base (fine-tuned)
25-1299,"Citizens Alliance for Government Integrity, Petitioner v. York County, By and Through Its Manager, Joshua Edwards, et al",0.000189234832248,2026-09-27T23:48:12.362128+00:00,adc6e98a689980ec,ModernBERT-base (fine-tuned)
25-1307,"Christy Ann Martin, Petitioner v. John Fredrick Martin",0.0124995646417849,2026-09-27T23:48:12.362128+00:00,66aeb87023e6e44f,ModernBERT-base (fine-tuned)
25-1310,"Alvin B. White, Individually and as Trustee for the White Revocable Living Trust dated January 6, 2010, Petitioner v. U.S. Bank National Association, as Legal Title Trustee for Truman 2016 SC6 Title Trust",8.009663130702085e-05,2026-09-27T23:48:12.362128+00:00,a24cc3cf343b43ce,ModernBERT-base (fine-tuned)
25-1312,"Dexter Payne, Director, Arkansas Division of Correction, Petitioner v. Harl A. Garrett",0.4832089663807484,2026-09-27T23:48:12.362128+00:00,527595254eb58b8e,ModernBERT-base (fine-tuned)
25-1313,"Alex Cantero, et al., Individually and on Behalf of All Others Similarly Situated, Petitioners v. Bank of America, N.A",0.5317436029596717,2026-09-27T23:48:12.362128+00:00,413f9f4d14f8924c,ModernBERT-base (fine-tuned)
25-1314,"Eric Gomez, Petitioner v. David Saccoccio",0.0079452175463344,2026-09-27T23:48:12.362128+00:00,87008800acd7cabe,ModernBERT-base (fine-tuned)
25-1316,"Donnie Ray Pearson, Petitioner v. Eric Guerrero, Director, Texas Department of Criminal Justice, Correctional Institutions Division",0.0011153093175595,2026-09-27T23:48:12.362128+00:00,e02124dd74acb554,ModernBERT-base (fine-tuned)
25-1317,"Melanie Crites-Bachert, Petitioner v. Providence Health & Services - Oregon",0.0003550690551235,2026-09-27T23:48:12.362128+00:00,15e28279aacb14a2,ModernBERT-base (fine-tuned)
25-1318,"Erik Charles Maund, aka Erik Moore, Petitioner v. United States",0.000135348138075,2026-09-27T23:48:12.362128+00:00,e883525c282859a2,ModernBERT-base (fine-tuned)
25-1319,"Nita Patel, et vir, Petitioner v. United States",0.0007205458518162,2026-09-27T23:48:12.362128+00:00,64df76610d0d4ad6,ModernBERT-base (fine-tuned)
25-1320,"John Rogne, Petitioner v. City of Catoosa, Oklahoma",0.0004234924431628,2026-09-27T23:48:12.362128+00:00,a54174e413f29bd3,ModernBERT-base (fine-tuned)
25-1321,"Kevin Scott Karsjens, Individually and on Behalf of All Others Similarly Situated, et al., Petitioners v. Shireen Gandhi, et al",0.0015175857919518,2026-09-27T23:48:12.362128+00:00,8bb9fc69194cae47,ModernBERT-base (fine-tuned)
25-1322,"Majestic Realty Co., et al., Petitioners v. Alex Salazar",0.0561206024857782,2026-09-27T23:48:12.362128+00:00,85edcec5b217abd0,ModernBERT-base (fine-tuned)
25-1323,"City of Bossier City, Louisiana, Petitioner v. Richard Hershey, et al",0.1675140743784779,2026-09-27T23:48:12.362128+00:00,2c92563436809b91,ModernBERT-base (fine-tuned)
25-1327,"Jane Elizabeth Roberts, et al., Petitioners v. Bob Ferguson, Governor of Washington, et al",0.01725270743424,2026-09-27T23:48:12.362128+00:00,a34e4f613fed268c,ModernBERT-base (fine-tuned)
25-1329,"Wealthy, Inc., et al., Petitioners v. Spencer Cornelia, et al",0.1465137304293219,2026-09-27T23:48:12.362128+00:00,e169aa6b3c38f4f7,ModernBERT-base (fine-tuned)
25-1330,"Ramesh Sunny Balwani, Petitioner v. United States",9.452230277333094e-05,2026-09-27T23:48:12.362128+00:00,e9b02e0b4d11ae1d,ModernBERT-base (fine-tuned)
25-1333,"Mark A. Pitzka, Petitioner v. Wisconsin",1.405705658968822e-05,2026-09-27T23:48:12.362128+00:00,000bb900a11251fd,ModernBERT-base (fine-tuned)
25-1334,"Colorado Bondshares, et al., Petitioners v. Marin Metropolitan District, et al",1.955295569576242e-05,2026-09-27T23:48:12.362128+00:00,f2a78c7ba4a1fe2c,ModernBERT-base (fine-tuned)
25-1336,"Stephanie M. Redding, Petitioner v. Markwayne Mullin, Secretary of Homeland Security",6.397125051141053e-05,2026-09-27T23:48:12.362128+00:00,4c3a4d8f805ae4d9,ModernBERT-base (fine-tuned)
25-1337,"Bryan Pesta, Petitioner v. Laura Bloomberg, Individually and as President, Cleveland State University, et al",3.366676267834538e-05,2026-09-27T23:48:12.362128+00:00,8f41d6c2e8f00f03,ModernBERT-base (fine-tuned)
25-1338,"Jonathan Granado, Petitioner v. Juanita Ramirez, Individually and as Personal Representative of the Estate of Estevan Ramirez",0.0220824405301869,2026-09-27T23:48:12.362128+00:00,a95f05c58eef8b83,ModernBERT-base (fine-tuned)
25-1339,"David Greene, Jr., et al., Petitioners v. Kansas Department of Revenue, et al",0.0004332266443504,2026-09-27T23:48:12.362128+00:00,5ff4f8fa1c34364f,ModernBERT-base (fine-tuned)
25-1340,"Blessing Nwosu, Petitioner v. 1600 West Loop South, L.L.C., et al",0.000387466244155,2026-09-27T23:48:12.362128+00:00,5397c5b0f35f3385,ModernBERT-base (fine-tuned)
25-1343,"Todd Blanche, Attorney General, Petitioner v. Izuchukwu Ozurumba",,,,
25-1346,"Michael Webb, Petitioner v. Edmund Trombley, Corrections Officer, Great Meadow Correctional Facility, et al",0.0028773258860624,2026-09-27T23:48:12.362128+00:00,1c166cb61b2b86f7,ModernBERT-base (fine-tuned)
25-1347,"Miguel Angel Delgado, Jr., Petitioner v. United States",0.0017414455017735,2026-09-27T23:48:12.362128+00:00,e343284f34de2d62,ModernBERT-base (fine-tuned)
25-1348,"Patrick Harrington, Individually and as Prosecutor of Tippecanoe County, Indiana, et al., Petitioners v. Randall Martin",0.0377659265371376,2026-09-27T23:48:12.362128+00:00,256643298524c24b,ModernBERT-base (fine-tuned)
25-1349,"Roxane M. Marschner, Petitioner v. Richard A. Marschner",0.0789574718891227,2026-09-27T23:48:12.362128+00:00,a7e538f77205d544,ModernBERT-base (fine-tuned)
25-1350,"Flagstar Bank, N.A., Petitioner v. William Kivett, et al",0.2057210923183976,2026-09-27T23:48:12.362128+00:00,b6f49fe5667f87db,ModernBERT-base (fine-tuned)
25-1351,"Katrina Parker, Petitioner v. New Jersey Motor Vehicle Commission, et al",0.0103489434388279,2026-09-27T23:48:12.362128+00:00,af0ae1cf160a5f43,ModernBERT-base (fine-tuned)
25-1352,"Deborah Kollman, as Executor of the Estate of Stephanie A. Smith, Petitioner v. Mercy Health-Clermont Hospital, LLC, et al",0.0100962783121983,2026-09-27T23:48:12.362128+00:00,0442853c24b8bda7,ModernBERT-base (fine-tuned)
25-1354,"William J. Shelton, Petitioner v. Cuyahoga Metropolitan Housing Authority, et al",2.104911781930815e-05,2026-09-27T23:48:12.362128+00:00,18933e7a5ff24094,ModernBERT-base (fine-tuned)
25-1355,"City of North Las Vegas, Nevada, et al., Petitioners v. Genoa Jones, et al",0.0240224942445984,2026-09-27T23:48:12.362128+00:00,7d0cbe4e7c27cbeb,ModernBERT-base (fine-tuned)
25-1356,"Walter A. Bernard, Petitioner v. Philip A. Ignelzi, Individually and as Judge, Court of Common Pleas, Allegheny County, Pennsylvania",0.0009999184747851,2026-09-27T23:48:12.362128+00:00,cb7a4126183a5c2d,ModernBERT-base (fine-tuned)
25-1357,"William T. Cooley, Petitioner v. United States",7.470747330366864e-05,2026-09-27T23:48:12.362128+00:00,2453ee8221b620fd,ModernBERT-base (fine-tuned)
25-1358,"NHK Spring Co., Ltd., et al., Petitioners v. Seagate Technology LLC, et al",0.1986408157244306,2026-09-27T23:48:12.362128+00:00,37bccdbc28a4b963,ModernBERT-base (fine-tuned)
25-1359,"TitleMax of Virginia, Inc., et al., Petitioners v. Wendy S. Spicher, Secretary, Pennsylvania Department of Banking and Securities",0.0371104254162284,2026-09-27T23:48:12.362128+00:00,934882bfa69a7bd0,ModernBERT-base (fine-tuned)
25-1360,"Cade Brumley, Superintendent, Louisiana State Education, et al., Petitioners v. Darcy Roake, Reverend, Individually and on Behalf of Their Minor Children, Real Parties in Interest A. V. and S. V., et al",0.1041761984723425,2026-09-27T23:48:12.362128+00:00,51853f59ff982b92,ModernBERT-base (fine-tuned)
25-1361,"Steve Snyder, et al., Petitioners v. Village of Luckey, Ohio",0.0009932195045755,2026-09-27T23:48:12.362128+00:00,e3266ad49daa786e,ModernBERT-base (fine-tuned)
25-1363,"Gregory Allen Bonnie, Petitioner v. Dunbar, Warden",0.0248982335201255,2026-09-27T23:48:12.362128+00:00,f6341d0e0ff9b3d1,ModernBERT-base (fine-tuned)
25-1364,"Ricky Z. Barlow, Petitioner v. United States",0.000100274145332,2026-09-27T23:48:12.362128+00:00,00f6311bf42fc010,ModernBERT-base (fine-tuned)
25-1365,"Zillow Group, Inc., et al., Petitioners v. Jeremy Jaeger, Individually and on Behalf of All Others Similarly Situated",0.190584590962855,2026-09-27T23:48:12.362128+00:00,ab350332b905d2fe,ModernBERT-base (fine-tuned)
25-1369,"Black Farmers and Agriculturalists Association, Inc., et al., Petitioners v. Brooke L. Rollins, Secretary of Agriculture, et al",2.0322171465380763e-05,2026-09-27T23:48:12.362128+00:00,9a5051a93693b61b,ModernBERT-base (fine-tuned)
25-1373,"Trinseo Europe GmbH, Petitioner v. Kellogg Brown & Root, L.L.C., et al",0.0221714632667109,2026-09-27T23:48:12.362128+00:00,36a8c08ad5b4c848,ModernBERT-base (fine-tuned)
25-1375,"Eugene N. Bolin, Jr., Petitioner v. Keystone RV Company",1.5919485063080076e-05,2026-09-27T23:48:12.362128+00:00,891c6efda880e5c3,ModernBERT-base (fine-tuned)
25-1376,"ON24, Inc., et al., Petitioners v. Leadersel Innotech ESG",0.0227248014654705,2026-09-27T23:48:12.362128+00:00,b4e434725bbb55f6,ModernBERT-base (fine-tuned)
25-1378,"Jacqueline Colson, Petitioner v. Hennepin County, Minnesota",0.0002847086059237,2026-09-27T23:48:12.362128+00:00,001aff8668f27f82,ModernBERT-base (fine-tuned)
25-1383,"Indian Harbor Insurance Company, et al., Petitioners v. Town of Vinton, Louisiana, et al",0.2590316834447687,2026-09-27T23:48:12.362128+00:00,9b10d62324469e39,ModernBERT-base (fine-tuned)
25-1384,"Jerry Wayne Beane, Petitioner v. United States",4.845994826591387e-05,2026-09-27T23:48:12.362128+00:00,303409d0816e54b6,ModernBERT-base (fine-tuned)
25-1385,"Endure Industries, Incorporated, Petitioner v. Vizient Incorporated, a Delaware corporation, et al",0.0012266204105103,2026-09-27T23:48:12.362128+00:00,04d3f023f5215452,ModernBERT-base (fine-tuned)
25-1387,"Sunoco Partners Marketing & Terminals L.P., Petitioner v. Powder Springs Logistics, LLC, et al",0.0001022512754634,2026-09-27T23:48:12.362128+00:00,2e7725bca2c967e4,ModernBERT-base (fine-tuned)
25-1388,"United Biologics, LLC, dba United Allergy Services, Petitioner v. Amerigroup Tennessee, Inc., dba Amerigroup Community Care, et al",0.0544791381210028,2026-09-27T23:48:12.362128+00:00,c8e650c01a590792,ModernBERT-base (fine-tuned)
25-1389,"Richard Hershey, Petitioner v. City of Bossier City, Louisiana, et al",0.1008579066702773,2026-09-27T23:48:12.362128+00:00,c079703c4cbe2bc0,ModernBERT-base (fine-tuned)
25-1397,"Naicom Corporation, et al., Petitioners v. DISH Network Corporation, et al",0.0002684433176703,2026-09-27T23:48:12.362128+00:00,9c5a148b147f6387,ModernBERT-base (fine-tuned)
25-1398,"Ernest F. Mitchell, Petitioner v. Hung Cao, Acting Secretary of the Navy",0.0002527031552693,2026-09-27T23:48:12.362128+00:00,6721a6556b4b090d,ModernBERT-base (fine-tuned)
25-1399,"Jamar M. Davis, Petitioner v. United States",0.0001147614458772,2026-09-27T23:48:12.362128+00:00,f6be7f6635facf93,ModernBERT-base (fine-tuned)
25-1400,"Scott Troogstad, et al., Petitioners v. City of Chicago, Illinois",0.000230138571581,2026-09-27T23:48:12.362128+00:00,282db8f17b52a800,ModernBERT-base (fine-tuned)
25-1402,"Kimberly R. Sweidy, Petitioner v. Spring Ridge Academy, an Arizona Corporation, et al",1.1214643552759527e-05,2026-09-27T23:48:12.362128+00:00,ff6c4856d05bb6bd,ModernBERT-base (fine-tuned)
25-1404,"StandWithUs Center for Legal Justice, et al., Petitioners v. Massachusetts Institute of Technology",0.077960317246276,2026-09-27T23:48:12.362128+00:00,4e3537f213ca440d,ModernBERT-base (fine-tuned)
25-1406,"Emily Laughlin, Petitioner v. Miami-Dade County, Florida",0.0008480164474857,2026-09-27T23:48:12.362128+00:00,4422f10696d3ec7c,ModernBERT-base (fine-tuned)
25-1408,"Goldman Sachs Bank USA, dba Marcus by Goldman Sachs, Petitioner v. Rhea Ann Brown, et al",0.3173239190542337,2026-09-27T23:48:12.362128+00:00,cc8a6e9ffc085ef4,ModernBERT-base (fine-tuned)
25-1409,"Marmic, LLC, et al., Petitioners v. Sergio Lopez",0.0007447058036388,2026-09-27T23:48:12.362128+00:00,7e5d0a8463e72864,ModernBERT-base (fine-tuned)
25-1415,"Matthew Putra, Director of the Detroit Field Office of U.S. Immigration and Customs Enforcement, et al., Petitioners v. Juan Manuel Lopez-Campos, et al",,,,
25-1418,"El Centro del Barrio, dba CentroMed, Petitioner v. Arturo Gonzalez",0.0012997701993181,2026-09-27T23:48:12.362128+00:00,e9aee0a474f68818,ModernBERT-base (fine-tuned)
25-1419,"G. W., a Minor, By and Through Her Guardian ad Litem, Nicole Ward, et al., Petitioners v. Coronado Unified School District, et al",0.0013524674167731,2026-09-27T23:48:12.362128+00:00,b5e4a8c92fff98ac,ModernBERT-base (fine-tuned)
25-1420,"Betty Jo Shelby, Petitioner v. Michael Manning, as Administrator of the Estate of Terence Crutcher, Sr., et al",0.0864934579424153,2026-09-27T23:48:12.362128+00:00,998e1fc096bbdd5d,ModernBERT-base (fine-tuned)
25-1421,"Christina Casarez, Petitioner v. Irigoyen Farms, Inc., et al",0.0103371659809605,2026-09-27T23:48:12.362128+00:00,ec3a48f3b3b6b4e8,ModernBERT-base (fine-tuned)
25-1425,"Brian D. Howard, Petitioner v. United States",1.8799800851033707e-05,2026-09-27T23:48:12.362128+00:00,edb19961557cc997,ModernBERT-base (fine-tuned)
25-1427,"Independent Specialty Insurance Company, Petitioner v. Apex Hospitality Group, L.L.C",0.0232361926397515,2026-09-27T23:48:12.362128+00:00,c08c24c4c72bcf5b,ModernBERT-base (fine-tuned)
25-1428,"Bradley J. Chilelli, Petitioner v. Signify North America Corporation",8.084578316334222e-05,2026-09-27T23:48:12.362128+00:00,ee2e94de83169dee,ModernBERT-base (fine-tuned)
25-1431,"DTLD L.L.C., et al., Petitioners v. The Power Station Limited Partnership, et al",9.629055947855877e-05,2026-09-27T23:48:12.362128+00:00,feebda2aa21cdfc3,ModernBERT-base (fine-tuned)
26-1,"Sunoco, Inc. (R&M), et al., Petitioners v. Perry Cline, Individually and on Behalf of All Others Similarly Situated",0.0210923912119054,2026-09-27T23:48:12.362128+00:00,9d2c1eb2d9c2e6fa,ModernBERT-base (fine-tuned)
26-2,"Independent Specialty Insurance Company, et al., Petitioners v. Lower Cameron Hospital Service District, et al",0.0079388917370638,2026-09-27T23:48:12.362128+00:00,7cf22cc33e6e3386,ModernBERT-base (fine-tuned)
26-3,"Stephanie Andrews, et al., Petitioners v. Lands' End, Inc., et al",1.4461908677358084e-05,2026-09-27T23:48:12.362128+00:00,2003af1de878543d,ModernBERT-base (fine-tuned)
26-4,"Samsung Electronics America, Inc., Petitioner v. Jordan Brewer",0.0077977344120302,2026-09-27T23:48:12.362128+00:00,880f2fa269eb0f3b,ModernBERT-base (fine-tuned)
26-5,"Gwynne A. Wilcox, Petitioner v. Donald J. Trump, President of the United States, et al",0.1619759459938179,2026-09-27T23:48:12.362128+00:00,bb45949f5ffd66d4,ModernBERT-base (fine-tuned)
26-7,"Capital Security Systems, Inc., Petitioner v. NCR Voyix Corporation",7.701685536034757e-05,2026-09-27T23:48:12.362128+00:00,d7a89012a5bfaf7e,ModernBERT-base (fine-tuned)
26-10,"Derrick Duane Barker, Petitioner v. City of Weatherford, Oklahoma, ex rel. Weatherford Police Department, et al",3.426772805428146e-05,2026-09-27T23:48:12.362128+00:00,3a85ed2aa912ff4d,ModernBERT-base (fine-tuned)
26-14,"Adan Munoz Renova, Petitioner v. Todd Blanche, Attorney General",,,,
26-15,"Gary Perez, et al., Petitioners v. City of San Antonio, Texas",0.0156197442434223,2026-09-27T23:48:12.362128+00:00,410f748fdad80aba,ModernBERT-base (fine-tuned)
26-17,"Dr. Douglas Schottenstein, et al., Petitioners v. Orthogen International GmbH",0.0321940699752254,2026-09-27T23:48:12.362128+00:00,54d0ecbe5689416b,ModernBERT-base (fine-tuned)
26-18,"Gary Westcott, Secretary, Louisiana Department of Public Safety and Corrections, et al., Petitioners v. Voice of the Experienced, et al",0.0312430342525387,2026-09-27T23:48:12.362128+00:00,8a3abd19ad4e1324,ModernBERT-base (fine-tuned)
26-19,"Allison Nguyen, Petitioner v. Louisiana",0.0007721711623247,2026-09-27T23:48:12.362128+00:00,c2b657633f2bfc48,ModernBERT-base (fine-tuned)
26-20,"Amy Arzamendi, et al., Petitioners v. Pete Hegseth, Secretary of Defense, et al",0.0001401851532804,2026-09-27T23:48:12.362128+00:00,c84cd425d6d86820,ModernBERT-base (fine-tuned)
26-22,"Douglas B. Moylan, Attorney General of Guam, Petitioner v. Guam Society of Obstetrician and Gynecologists, et al",0.0743674135465674,2026-09-27T23:48:12.362128+00:00,047d923639c1bb70,ModernBERT-base (fine-tuned)
26-23,"TMX Finance Corporate Services, Incorporated, Petitioner v. Wendy S. Spicher, Secretary, Pennsylvania Department of Banking and Securities",0.0184270497986604,2026-09-27T23:48:12.362128+00:00,c5edd45437a3e1a9,ModernBERT-base (fine-tuned)
26-25,"Lexon Insurance Company, Inc., Petitioner v. Chevron U.S.A. Inc., et al",0.0002644205336362,2026-09-27T23:48:12.362128+00:00,41d40a84993759b2,ModernBERT-base (fine-tuned)
26-26,"John Miguel Swan, Petitioner v. United States",0.0198401267516645,2026-09-27T23:48:12.362128+00:00,e986c7b5ef79943a,ModernBERT-base (fine-tuned)
26-29,"Mead Johnson & Company, LLC, et al., Petitioners v. Clarissa Greear, Individually and on Behalf of Her Minor Child B. H., et al",0.0082232689737481,2026-09-27T23:48:12.362128+00:00,e12928306ebb3f6f,ModernBERT-base (fine-tuned)
26-30,"Santos Arnulfo Turcios-Berrios, Petitioner v. Todd Blanche, Attorney General",,,,
26-31,"William T. Savage, Sr., Petitioner v. LaSalle Management Company, aka LaSalle Correctional Center, et al",0.0004475115037735,2026-09-27T23:48:12.362128+00:00,f50043f68536045c,ModernBERT-base (fine-tuned)
26-33,"Keith Raniere, Petitioner v. United States",2.584657710855377e-05,2026-09-27T23:48:12.362128+00:00,6b7b38b06d32afc2,ModernBERT-base (fine-tuned)
26-35,"Anthony McCord, Petitioner v. Bennie Thorpe, Superintendent, Marcy Correctional Facility, et al",0.0001354345039775,2026-09-27T23:48:12.362128+00:00,922a483c7b8be274,ModernBERT-base (fine-tuned)
26-37,"New Mexico, Petitioner v. Samuel Neal",0.0074474153631542,2026-09-27T23:48:12.362128+00:00,8cd2c100011f2288,ModernBERT-base (fine-tuned)
26-39,"Wilton Rancheria, Petitioner v. UNITE HERE International Union",0.0001182018116656,2026-09-27T23:48:12.362128+00:00,9128140243f0fb17,ModernBERT-base (fine-tuned)
26-43,"Victor Buenrostro-Mendez, et al., Petitioners v. Todd Blanche, Attorney General, et al",,,,
26-44,"Minnesota Medical University, LLC, et al., Petitioners v. Heritage Construction Companies, LLC, et al",0.0002870178828729,2026-09-27T23:48:12.362128+00:00,0228b2dea324f173,ModernBERT-base (fine-tuned)
26-46,"Nunzio Calce, et al., Petitioners v. City of New York, New York, et al",0.074155646364807,2026-09-27T23:48:12.362128+00:00,56cef818dc76cef5,ModernBERT-base (fine-tuned)
26-47,"Amazon Logistics, Inc., et al., Petitioners v. Dirk Clinton, et al",0.0051486809850697,2026-09-27T23:48:12.362128+00:00,8cfe5c4d3e920368,ModernBERT-base (fine-tuned)
26-48,"Markwayne Mullin, Secretary, Department of Homeland Security, et al., Petitioners v. National TPS Alliance, et al",0.6130168547502116,2026-09-27T23:48:12.362128+00:00,cb66caf0367de150,ModernBERT-base (fine-tuned)
26-49,"Brenna Bird, Attorney General of Iowa, Petitioner v. Iowa Migrant Movement for Justice, et al",0.2845143807302948,2026-09-27T23:48:12.362128+00:00,b96acee2cc4a010e,ModernBERT-base (fine-tuned)
26-50,"Daniel Joseph Tisone, Petitioner v. United States",2.684824022404571e-05,2026-09-27T23:48:12.362128+00:00,eeaa8ff9b2f8ae7b,ModernBERT-base (fine-tuned)
26-51,"Christopher L. Carroll and Whiskey Dix Big Truck Repair, LLC, Petitioners v. United States",9.433234993843384e-05,2026-09-27T23:48:12.362128+00:00,2bc6ed509f545421,ModernBERT-base (fine-tuned)
26-52,"Urve Maggitti, Petitioner v. Pennsylvania",0.0006833348130135,2026-09-27T23:48:12.362128+00:00,eab563afbcbb1217,ModernBERT-base (fine-tuned)
26-54,"Jackson Wells, as Personal Representative for the Estate of Thomas E. Wells, Deceased, et al., Petitioners v. BNSF Railway Company, a Delaware corporation",0.0002265057561032,2026-09-27T23:48:12.362128+00:00,b9b1a534d00100f8,ModernBERT-base (fine-tuned)
26-57,"Mazen Alotaibi, Petitioner v. Nethanjah Breitenbach, Warden, et al",0.0001119136413882,2026-09-27T23:48:12.362128+00:00,5d99637e6bc065ef,ModernBERT-base (fine-tuned)
26-59,"John David Peterson, Petitioner v. Nevada County, California, et al",0.0001430443145413,2026-09-27T23:48:12.362128+00:00,3f45774e9918121b,ModernBERT-base (fine-tuned)
26-60,"Daniel Defense, LLC, et al., Petitioners v. Karen Lowy, Individually and as Parent and Next Friend of N. T., et al",0.0242660730475904,2026-09-27T23:48:12.362128+00:00,7e7bf7b9778310ed,ModernBERT-base (fine-tuned)
26-61,"Shosh Yonay, et al., Petitioners v. Paramount Pictures Corporation",0.092024512158555,2026-09-27T23:48:12.362128+00:00,25c4803222f2cca5,ModernBERT-base (fine-tuned)
26-63,"Anthony M. Clark, Petitioner v. United States",0.0011870757509356,2026-09-27T23:48:12.362128+00:00,a68dd1f50968ddc8,ModernBERT-base (fine-tuned)
26-64,"Scott Williams, Petitioner v. Frank Bisignano, Commissioner of Social Security",,,,
26-68,"Juan Martinez, Petitioner v. United States",0.0075896992373859,2026-09-27T23:48:12.362128+00:00,e7f524933b164dfc,ModernBERT-base (fine-tuned)
26-69,"Jason Green, Petitioner v. Kenny Perkins, Individually and as a Deputy Sheriff for Adair County Sheriff's Office, et al",0.0100049375281554,2026-09-27T23:48:12.362128+00:00,0e2ae906bfaa7ac0,ModernBERT-base (fine-tuned)
26-70,"Steven A. McKinnis, Petitioner v. Department of the Interior",9.587507855587624e-05,2026-09-27T23:48:12.362128+00:00,5bffcdb9867729a5,ModernBERT-base (fine-tuned)
26-72,"Euclides Bartolome Bugliotti, et al., Petitioners v. Republic of Argentina",2.595565900801516e-05,2026-09-27T23:48:12.362128+00:00,a6f35b1946f06c28,ModernBERT-base (fine-tuned)
26-74,"Ric Logg, et al., Petitioners v. TIG Insurance Company",0.0275980184855897,2026-09-27T23:48:12.362128+00:00,1bc2c4b6bd0093cc,ModernBERT-base (fine-tuned)
26-77,"Caesarstone Ltd., Petitioner v. Superior Court of California, Los Angeles County, et al",0.0004277195513568,2026-09-27T23:48:12.362128+00:00,05373d449f9099bd,ModernBERT-base (fine-tuned)
26-79,"Rene Acosta-Tapia, Petitioner v. Todd Blanche, Attorney General",,,,
26-84,"Garten Trucking LC, Petitioner v. National Labor Relations Board, et al",0.0005510140854531,2026-09-27T23:48:12.362128+00:00,0b0a065e85b46c5a,ModernBERT-base (fine-tuned)
26-86,"Virginia Galindo-Vazquez, et al., Petitioners v. Todd Blanche, Attorney General",,,,
26-88,"Alaska Policy Forum, Petitioner v. Alaska Public Offices Commission, et al",0.0169155421551709,2026-09-27T23:48:12.362128+00:00,de46a8ee18d2d530,ModernBERT-base (fine-tuned)
26-90,"Leonarda Bautista, Individually and as Parent and Natural Guardian of A. B., Petitioner v. Kamar H. Samuels, Chancellor of the New York City Department of Education, et al",0.0006113981891013,2026-09-27T23:48:12.362128+00:00,6c54341e3066a63d,ModernBERT-base (fine-tuned)
26-91,"Richard Stuart Ross, Petitioner v. United States",0.0227315979896215,2026-09-27T23:48:12.362128+00:00,baf60832464b648b,ModernBERT-base (fine-tuned)
26-92,"ASAP Cruises, Inc., Petitioner v. Wisconsin Department of Revenue",0.0075097967754692,2026-09-27T23:48:12.362128+00:00,f97712902a84dfc1,ModernBERT-base (fine-tuned)
26-94,"City of Santa Maria, California, et al., Petitioners v. Adolfo Cardenas",0.0739445053799055,2026-09-27T23:48:12.362128+00:00,8da2e8bd1e4bdae3,ModernBERT-base (fine-tuned)
26-97,"Ariella Hellman, on Their Own Behalf and as Next Friend of Their Child, E. H., et al., Petitioners v. Katherine Craven, Chair, Massachusetts Board of Elementary and Secondary Education, et al",0.2599285732750415,2026-09-27T23:48:12.362128+00:00,a729755e07518072,ModernBERT-base (fine-tuned)
26-98,"Public Interest Legal Foundation, Inc., Petitioner v. Scott T. Nago, Chief Election Officer of the State of Hawaii",0.1636714566348338,2026-09-27T23:48:12.362128+00:00,074459051530f505,ModernBERT-base (fine-tuned)
26-100,"Shannon Cross, Petitioner v. Central Contra Costa Transit Authority",0.0064450605563543,2026-09-27T23:48:12.362128+00:00,bb32d12b88ebe610,ModernBERT-base (fine-tuned)
26-101,"Randy A. Thomas, Petitioner v. Cynthia Davis, Warden",8.91506727906064e-05,2026-09-27T23:48:12.362128+00:00,d6f349545e739843,ModernBERT-base (fine-tuned)
26-104,"Philip L. Rhoney, Acting Director of the Buffalo Field Office of U.S. Immigration and Customs Enforcement, Petitioner v. Ricardo Aparecido Barbosa da Cunha",,,,
26-107,"Garnell Walls, Petitioner v. Prince George's County, Maryland, et al",0.0096291029667149,2026-09-27T23:48:12.362128+00:00,b1483e252ee8ab1b,ModernBERT-base (fine-tuned)
26-108,"Mark Miller, et al., Petitioners v. City of Burien, et al",5.417984407004094e-05,2026-09-27T23:48:12.362128+00:00,d038372b272c8491,ModernBERT-base (fine-tuned)
26-110,"Tedford's Tenancy, LLC, Petitioner v. City of New York, New York, et al",0.0046018962409,2026-09-27T23:48:12.362128+00:00,a31553487cf62892,ModernBERT-base (fine-tuned)
26-112,"Neil McDougall, Petitioner v. Saudi Arabian Oil Company, dba Saudi Aramco",0.000274339804773,2026-09-27T23:48:12.362128+00:00,2055cab7dfef285e,ModernBERT-base (fine-tuned)
26-114,"Frederick L. Allen, et al., Petitioners v. Joshua Stein, Governor of North Carolina, et al",0.0515752296246117,2026-09-27T23:48:12.362128+00:00,47749ab187afd098,ModernBERT-base (fine-tuned)
26-121,"Joseph Basso, Petitioner v. Jose Rodriguez, et al",1.5367537311108713e-05,2026-09-27T23:48:12.362128+00:00,51d1bbd422460d01,ModernBERT-base (fine-tuned)
26-122,"Roy Stewart Moore, Petitioner v. Senate Majority PAC, ""SMP""",9.681573936556164e-05,2026-09-27T23:48:12.362128+00:00,1ee8851573dca642,ModernBERT-base (fine-tuned)
26-123,"Debra Nevins, Petitioner v. DCH Health Systems, DCH Health Care Authority, et al",0.0009805689934467,2026-09-27T23:48:12.362128+00:00,b52532df057da73e,ModernBERT-base (fine-tuned)
26-125,"Jose Manuel Mendoza, Petitioner v. United States",6.35999307794885e-05,2026-09-27T23:48:12.362128+00:00,bdada8103d36700f,ModernBERT-base (fine-tuned)
26-127,"Safron Capital Corporation, et al., Petitioners v. Elanco Animal Health Inc., et al",0.0019274419252104,2026-09-27T23:48:12.362128+00:00,b88c0d94664035bd,ModernBERT-base (fine-tuned)
26-130,"Teck Metals Ltd., fka Teck Cominco Metals Ltd., a Canadian corporation, Petitioner v. Confederated Tribes of the Colville Reservation",0.4011797662831366,2026-09-27T23:48:12.362128+00:00,987d513e55748b96,ModernBERT-base (fine-tuned)
26-131,"Jonatan O. RosarioMartinez, Petitioner v. United States",0.0001353808441571,2026-09-27T23:48:12.362128+00:00,a6abdefc91c71bd1,ModernBERT-base (fine-tuned)
26-134,"Edward S. Phillips, Petitioner v. Matthew Plummer, Warden",0.0138203674721951,2026-09-27T23:48:12.362128+00:00,2f6875edeccb245b,ModernBERT-base (fine-tuned)
26-135,"Antoinette Williams, Petitioner v. LOGS Legal Group, LLP",0.0001326681654019,2026-09-27T23:48:12.362128+00:00,7dab697b7c999183,ModernBERT-base (fine-tuned)
26-138,"Steven T. Savage, et ux., Petitioners v. Coastal Capital, LLC",0.0031799992110677,2026-09-27T23:48:12.362128+00:00,0a80d1899d082bcc,ModernBERT-base (fine-tuned)
26-148,"R. S., a Minor Child, By His Next of Friend and Legal Guardian, V. H., et al., Petitioners v. Susan Hickey, et al",5.257455039517968e-05,2026-09-27T23:48:12.362128+00:00,0dd9dc017ab413bd,ModernBERT-base (fine-tuned)
26-149,"Accord Trucking, Inc., Petitioner v. FedEx Ground Package System, Inc",3.70191911933784e-05,2026-09-27T23:48:12.362128+00:00,eefad4260a3d7756,ModernBERT-base (fine-tuned)
26-154,"Angelo L. Cepeda, Petitioner v. United States",1.3262132799665884e-05,2026-09-27T23:48:12.362128+00:00,6d4b9f9a890f2937,ModernBERT-base (fine-tuned)
26-155,"Okechukwu Dimkpa, Petitioner v. United States",0.0003910680185913,2026-09-27T23:48:12.362128+00:00,51ed66e18b3a9ceb,ModernBERT-base (fine-tuned)
26-156,"Springfield R-12 School District, et al., Petitioners v. Brooke Henderson, et al",0.0256257909260411,2026-09-27T23:48:12.362128+00:00,1814f25817d54706,ModernBERT-base (fine-tuned)
26-160,"Makhi Brockenborough, Petitioner v. United States",9.640833477480532e-05,2026-09-27T23:48:12.362128+00:00,5fd018b5c8d83fb0,ModernBERT-base (fine-tuned)
26-161,"W. A. Griffin, M.D., Petitioner v. Emory Healthcare, Inc., et al",2.730077422669021e-05,2026-09-27T23:48:12.362128+00:00,43b81062817ab769,ModernBERT-base (fine-tuned)
26-162,"Edlando M. Watson, Petitioner v. United States",0.0030504869839141,2026-09-27T23:48:12.362128+00:00,e8f978596dcfbc84,ModernBERT-base (fine-tuned)
26-164,"A. A., et al., Petitioners v. Joshua Mast, et al",0.0744728217621053,2026-09-27T23:48:12.362128+00:00,9340549053d46506,ModernBERT-base (fine-tuned)
26-166,"John A. Evangelista, Petitioner v. United States",3.612126206907381e-05,2026-09-27T23:48:12.362128+00:00,badc26e0e2ceb456,ModernBERT-base (fine-tuned)
26-170,"Federal Express Corporation, Petitioner v. Qualcomm Incorporated, et al",0.0093105990633016,2026-09-27T23:48:12.362128+00:00,a3fa8981a184a3ab,ModernBERT-base (fine-tuned)
26-182,"Laura Hendrix, Executive Secretary, Kentucky Judicial Conduct Commission, et al., Petitioners v. Donna Greenwell Dutton, Judge, 53rd Judicial District, Division 2, Kentucky",7.61100058202914e-05,2026-09-27T23:48:12.362128+00:00,e7ee7df3283bf8f8,ModernBERT-base (fine-tuned)
26-183,"United Airlines, Incorporated, Petitioner v. Genise Kincannon, Individually and on Behalf of All Others Similarly Situated, et al",0.0987473617273199,2026-09-27T23:48:12.362128+00:00,af88925e160044c1,ModernBERT-base (fine-tuned)
26-188,"Dream Big Media, Inc., et al., Petitioners v. Alphabet Inc., et al",2.966603813785046e-05,2026-09-27T23:48:12.362128+00:00,5b4d32bd2f871590,ModernBERT-base (fine-tuned)
26-190,"Jeffrey R. Owen, Petitioner v. United States",0.0003218069877098,2026-09-27T23:48:12.362128+00:00,da26b2ef147c64a3,ModernBERT-base (fine-tuned)
26-194,"Mei Guo, et al., Petitioners v. Luc A. Despins, Chapter 11 Trustee",0.0713999996132976,2026-09-27T23:48:12.362128+00:00,f93b6db48c48af63,ModernBERT-base (fine-tuned)
26-200,"Melissa Suzette Arzu, Individually and as Administrator of the Estate of Kevin Greenidge, Petitioner v. American Airlines, Incorporated",0.000159052692782,2026-09-27T23:48:12.362128+00:00,6e98774384abb91c,ModernBERT-base (fine-tuned)
26-206,"Lisa Ferraro, Petitioner v. United States",3.871723853827935e-05,2026-09-27T23:48:12.362128+00:00,17b6c4cda7666ef6,ModernBERT-base (fine-tuned)
26-211,"Kimberly Vaughn as Administrator of the Estate of Mohammad J. Isaifan, Deceased, Petitioner v. Jamie Rea, et al",0.0002342397931673,2026-09-27T23:48:12.362128+00:00,989ea292ea391fbd,ModernBERT-base (fine-tuned)
26-215,"D. C., By His Parents and Guardians, Trevor Chaplick and Vivian Chaplick, et al., Petitioners v. Fairfax County School Board, et al",0.0343290464686319,2026-09-27T23:48:12.362128+00:00,94690abad1ea76a2,ModernBERT-base (fine-tuned)
26-219,"Jaelen M. Johnson, Petitioner v. United States",0.0048335711812358,2026-09-27T23:48:12.362128+00:00,45019c6bdf786214,ModernBERT-base (fine-tuned)
26-222,"Cup Foods, Inc., et al., Petitioners v. City of Minneapolis, Minnesota, et al",0.0003333407643908,2026-09-27T23:48:12.362128+00:00,d9e2a10ea38f03f8,ModernBERT-base (fine-tuned)
26-231,"Mario Delaine, Petitioner v. United States",0.2482927266464546,2026-09-27T23:48:12.362128+00:00,737393e07cddd100,ModernBERT-base (fine-tuned)
26-234,"Johnny Ford, Petitioner v. Florida",3.647481455783324e-05,2026-09-27T23:48:12.362128+00:00,054169afc0f24552,ModernBERT-base (fine-tuned)
26-236,"US Patent No. 7,679,637 LLC, Petitioner v. Google LLC",3.150745933792361e-05,2026-09-27T23:48:12.362128+00:00,4d396bb2565a7aa5,ModernBERT-base (fine-tuned)
26-238,"Broadcast Music, Inc., Petitioner v. North American Concert Promoters Association",0.0187036450036533,2026-09-27T23:48:12.362128+00:00,510b142ce2619465,ModernBERT-base (fine-tuned)
26-244,"The Kroger Co., dba Fred Meyer, Inc., Petitioner v. Elisha Solano, Individually and on Behalf of Other Customers, et al",0.0166721667577749,2026-09-27T23:48:12.362128+00:00,1f6801027ecc863e,ModernBERT-base (fine-tuned)
26-255,"Jeffrey M. Johnson, Sr., Petitioner v. Bob Jacobson, Commissioner, Minnesota Department of Public Safety",0.047459933760614,2026-09-27T23:48:12.362128+00:00,2d0797f3c3792e87,ModernBERT-base (fine-tuned)
26-268,"Michael Brock, et al., Petitioners v. City of Bellingham, Washington, et al",0.000130981280948,2026-09-27T23:48:12.362128+00:00,f97104fd433038a5,ModernBERT-base (fine-tuned)
26-275,"Adam McLean, et al., Petitioners v. Delta Air Lines, Inc., a Delaware Corporation",0.0001641566134275,2026-09-27T23:48:12.362128+00:00,8063d5c5b85d188a,ModernBERT-base (fine-tuned)
