Docket Number,Case Name,next conference list,featured list,list date,source
25-882,"Andrew D. Parker, et al., Petitioners v. Bill Gates, as a Member of the Maricopa County Board of Supervisors, et al",1,0,2026-09-24,https://www.scotusblog.com/cases/petitions
25-901,"Benancio Garcia, III, Petitioner v. Steven Hobbs, Secretary of State of Washington, et al",1,0,2026-09-24,https://www.scotusblog.com/cases/petitions
25-918,"Jose A. Trevino, et al., Petitioners v. Steven Hobbs, Secretary of State of Washington, et al",1,0,2026-09-24,https://www.scotusblog.com/cases/petitions
25-1030,"Christopher R. Cummins, Petitioner v. Illinois",0,0,2026-09-24,https://www.scotusblog.com/cases/petitions
25-1061,"Holly Ann Elkins, Petitioner v. United States",1,0,2026-09-24,https://www.scotusblog.com/cases/petitions
25-1062,"Jessica Pitts, Officer, et al., Petitioners v. Taylor Burke, as Special Administrator of the Estate of Thomas Gay, Deceased",0,0,2026-09-24,https://www.scotusblog.com/cases/petitions
25-1070,"AstraZeneca Pharmaceuticals LP, et al., Petitioners v. Mosaic Health, Inc., et al",1,0,2026-09-24,https://www.scotusblog.com/cases/petitions
25-1089,"Fairfield Sentry Ltd., et al., Petitioners v. Citibank NA London, et al",1,0,2026-09-24,https://www.scotusblog.com/cases/petitions
25-1091,"Davie County, North Carolina, et al., Petitioners v. Juiliana Swink, Administratrix of the Estate of David Ray Gunter, et al",0,0,2026-09-24,https://www.scotusblog.com/cases/petitions
25-1098,"Ryan O'Donnell, et al., Petitioners v. City of Chicago, Illinois, et al",1,0,2026-09-24,https://www.scotusblog.com/cases/petitions
25-1099,"Quashaun Melsun Reel, Petitioner v. North Carolina",1,0,2026-09-24,https://www.scotusblog.com/cases/petitions
25-1103,"U.S. Doge Service, et al., Petitioners v. United States District Court for the District of Columbia, et al",1,0,2026-09-24,https://www.scotusblog.com/cases/petitions
25-1105,"Frank Thompson, Petitioner v. Carl Wilson, Commissioner, Maine Department of Marine Resources",1,0,2026-09-24,https://www.scotusblog.com/cases/petitions
25-1108,"Christopher Zook, et al., Petitioners v. Scott Fuqua",0,0,2026-09-24,https://www.scotusblog.com/cases/petitions
25-1115,"Utah, Petitioner v. Morris Thomas Mullins",1,0,2026-09-24,https://www.scotusblog.com/cases/petitions
25-1123,"Kevin Steele, Petitioner v. Douglas A. Collins, Secretary of Veterans Affairs",1,0,2026-09-24,https://www.scotusblog.com/cases/petitions
25-1128,"Ronnie Alexander, Petitioner v. Philip R. Taft Psy D and Associates, P.L.L.C., et al",0,0,2026-09-24,https://www.scotusblog.com/cases/petitions
25-1130,"Cherry Grove Beach Gear, LLC, et al., Petitioners v. City of North Myrtle Beach, South Carolina",0,0,2026-09-24,https://www.scotusblog.com/cases/petitions
25-1131,"Missionaries of Saint John the Baptist, Inc., Petitioner v. Joel Frederic, et ux",1,0,2026-09-24,https://www.scotusblog.com/cases/petitions
25-1141,"Jason Tywann Bell, Petitioner v. John Gilley, Warden",1,0,2026-09-24,https://www.scotusblog.com/cases/petitions
25-1142,"Mark Zavislak, Petitioner v. Netflix, Inc",0,0,2026-09-24,https://www.scotusblog.com/cases/petitions
25-1143,"D. A., a Minor, By and Through his Mother, B. A., et al., Petitioners v. Tri County Area Schools, et al",1,0,2026-09-24,https://www.scotusblog.com/cases/petitions
25-1144,"Daisey Trust, By and Through Its Trustee Eddie Haddad, et al., Petitioners v. Federal Housing Finance Agency, et al",1,0,2026-09-24,https://www.scotusblog.com/cases/petitions
25-1145,"Council For Responsible Nutrition, Petitioner v. Letitia James, in Her Official Capacity as New York Attorney General",1,0,2026-09-24,https://www.scotusblog.com/cases/petitions
25-1146,"Angelo Pesavento, et al., Petitioners v. Eddie L. Bolden",1,0,2026-09-24,https://www.scotusblog.com/cases/petitions
25-1148,"Parker C. Myslow, Petitioner v. United States",0,0,2026-09-24,https://www.scotusblog.com/cases/petitions
25-1158,"Amy Hadley, Petitioner v. City of South Bend, Indiana, et al",1,0,2026-09-24,https://www.scotusblog.com/cases/petitions
25-1163,"Carlos Pena, Petitioner v. City of Los Angeles, California",1,0,2026-09-24,https://www.scotusblog.com/cases/petitions
25-1170,"Winnemucca Indian Colony, Petitioner v. United States",0,0,2026-09-24,https://www.scotusblog.com/cases/petitions
25-1176,"Marion Alexander Lindsey, Petitioner v. South Carolina",1,0,2026-09-24,https://www.scotusblog.com/cases/petitions
25-1191,"Michael Joseph Gasper, Petitioner v. Wisconsin",0,0,2026-09-24,https://www.scotusblog.com/cases/petitions
25-1192,"PG Publishing Company, Inc., dba Pittsburgh Post-Gazette, Petitioner v. National Labor Relations Board, et al",0,0,2026-09-24,https://www.scotusblog.com/cases/petitions
25-1195,"John David Trice, Petitioner v. Texas",0,0,2026-09-24,https://www.scotusblog.com/cases/petitions
25-1197,"Brandi Greer, Petitioner v. Benton School District",1,0,2026-09-24,https://www.scotusblog.com/cases/petitions
25-1199,"Fred Davis Clark, Jr., Petitioner v. United States",0,0,2026-09-24,https://www.scotusblog.com/cases/petitions
25-1201,"National Small Business United, dba National Small Business Association, et al., Petitioners v. Scott Bessent, Secretary of the Treasury, et al",1,0,2026-09-24,https://www.scotusblog.com/cases/petitions
25-1205,"Michael Mendenhall, Petitioner v. City and County of Denver, Colorado",1,0,2026-09-24,https://www.scotusblog.com/cases/petitions
25-1208,"Norfolk Southern Railway Company, Petitioner v. Robert Willmore Mallory, as Administrator of the Estate of Robert Thurston Mallory, et al",1,0,2026-09-24,https://www.scotusblog.com/cases/petitions
25-1210,"David Petersen, et al., Petitioners v. Snohomish Regional Fire and Rescue",1,0,2026-09-24,https://www.scotusblog.com/cases/petitions
25-1215,"Mark B. Cohen, Petitioner v. Judicial Conduct Board of Pennsylvania",1,0,2026-09-24,https://www.scotusblog.com/cases/petitions
25-1219,"United States, Petitioner v. Charles Hembree",1,0,2026-09-24,https://www.scotusblog.com/cases/petitions
25-1240,"Azadeh Khatibi, et al., Petitioners v. Felix C. Yip, President of the Medical Board of California, et al",1,0,2026-09-24,https://www.scotusblog.com/cases/petitions
25-1242,"Denise Hughes, as Administrator of the Estate of Edwin Dewayne Moss, Petitioner v. Monique N. Locure, Administratrix of the Estate of Darian K. Locure",0,0,2026-09-24,https://www.scotusblog.com/cases/petitions
25-1243,"Nexstar Media Group, Inc., et al., Petitioners v. DirecTV, LLC",1,0,2026-09-24,https://www.scotusblog.com/cases/petitions
25-1246,"Richard Vasquez, Petitioner v. Eric Guerrero, Director, Texas Department of Criminal Justice, Correctional Institutions Division",0,1,2026-09-24,https://www.scotusblog.com/cases/petitions
25-1248,"Rio Grande Foundation, Petitioner v. Maggie Toulouse Oliver, in Her Official Capacity as Secretary of State of New Mexico",1,0,2026-09-24,https://www.scotusblog.com/cases/petitions
25-1250,"Karina Sigalovskaya, Petitioner v. Abigail Braden, Individually and in Her Official Capacity as a Special Agent for the Department of Homeland Security",1,0,2026-09-24,https://www.scotusblog.com/cases/petitions
25-1254,"Judith L. Harvey, as Trustee of the David T. & Judith L. Harvey Trust, and as Personal Representative of the Estate of David T. Harvey, Deceased, Petitioner v. City of Reno, Nevada, et al",0,0,2026-09-24,https://www.scotusblog.com/cases/petitions
25-1256,"Petróleos de Venezuela, S.A., et al., Petitioners v. Helmerich & Payne International Drilling Co",1,0,2026-09-24,https://www.scotusblog.com/cases/petitions
25-1262,"Gabriella Victoria Oropesa, Petitioner v. United States",0,0,2026-09-24,https://www.scotusblog.com/cases/petitions
25-1263,"Ricky Darnell Patterson, Petitioner v. Michigan",0,0,2026-09-24,https://www.scotusblog.com/cases/petitions
25-1269,"Burford German Funding LLC, et al., Petitioners v. financialright claims GmbH",0,1,2026-09-24,https://www.scotusblog.com/cases/petitions
25-1274,"Michael St. Clair, Petitioner v. Willis Pettit, Warden",0,0,2026-09-24,https://www.scotusblog.com/cases/petitions
25-1277,"Scott R. Williams, Petitioner v. Pennsylvania",0,0,2026-09-24,https://www.scotusblog.com/cases/petitions
25-1284,"Mario Dion Woodward, Petitioner v. Alabama",1,0,2026-09-24,https://www.scotusblog.com/cases/petitions
25-1285,"Moneesha Kamani, Petitioner v. Michael A. Stone, DVM, and His Marital Community/Domestic Partnership, et al",0,0,2026-09-24,https://www.scotusblog.com/cases/petitions
25-1287,"N. R., et al., Petitioners v. Keith M. Ellison, Attorney General of Minnesota, et al",1,0,2026-09-24,https://www.scotusblog.com/cases/petitions
25-1288,"Wisconsin Voter Alliance, et al., Petitioners v. Don M. Millis, Commissioner, Wisconsin Elections Commission, et al",0,0,2026-09-24,https://www.scotusblog.com/cases/petitions
25-1289,"Tomasa Gabriella Bolanos-Reynoso, Petitioner v. Department of Agriculture",0,0,2026-09-24,https://www.scotusblog.com/cases/petitions
25-1290,"Texas Top Cop Shop, Incorporated, et al., Petitioners v. Todd Blanche, Attorney General, et al",0,0,2026-09-24,https://www.scotusblog.com/cases/petitions
25-1292,"Yesit Campo, as Personal Representative of the Estate of Arlevys Molina, et al., Petitioners v. Uber Technologies, Inc., et al",0,0,2026-09-24,https://www.scotusblog.com/cases/petitions
25-1294,"F.E.B. Corp., Petitioner v. United States",0,0,2026-09-24,https://www.scotusblog.com/cases/petitions
25-1295,"Donovan Moore, et al., Petitioners v. Ashly Romero, as Personal Representative for the Estate of Stephen Romero, Deceased, et al",1,0,2026-09-24,https://www.scotusblog.com/cases/petitions
25-1298,"Patrice Honeycutt, Petitioner v. JPMorgan Chase Bank, N.A., et al",0,0,2026-09-24,https://www.scotusblog.com/cases/petitions
25-1299,"Citizens Alliance for Government Integrity, Petitioner v. York County, By and Through Its Manager, Joshua Edwards, et al",0,0,2026-09-24,https://www.scotusblog.com/cases/petitions
25-1307,"Christy Ann Martin, Petitioner v. John Fredrick Martin",0,0,2026-09-24,https://www.scotusblog.com/cases/petitions
25-1310,"Alvin B. White, Individually and as Trustee for the White Revocable Living Trust dated January 6, 2010, Petitioner v. U.S. Bank National Association, as Legal Title Trustee for Truman 2016 SC6 Title Trust",0,0,2026-09-24,https://www.scotusblog.com/cases/petitions
25-1312,"Dexter Payne, Director, Arkansas Division of Correction, Petitioner v. Harl A. Garrett",1,0,2026-09-24,https://www.scotusblog.com/cases/petitions
25-1313,"Alex Cantero, et al., Individually and on Behalf of All Others Similarly Situated, Petitioners v. Bank of America, N.A",1,0,2026-09-24,https://www.scotusblog.com/cases/petitions
25-1314,"Eric Gomez, Petitioner v. David Saccoccio",0,1,2026-09-24,https://www.scotusblog.com/cases/petitions
25-1316,"Donnie Ray Pearson, Petitioner v. Eric Guerrero, Director, Texas Department of Criminal Justice, Correctional Institutions Division",0,0,2026-09-24,https://www.scotusblog.com/cases/petitions
25-1317,"Melanie Crites-Bachert, Petitioner v. Providence Health & Services - Oregon",0,0,2026-09-24,https://www.scotusblog.com/cases/petitions
25-1318,"Erik Charles Maund, aka Erik Moore, Petitioner v. United States",0,0,2026-09-24,https://www.scotusblog.com/cases/petitions
25-1319,"Nita Patel, et vir, Petitioner v. United States",0,0,2026-09-24,https://www.scotusblog.com/cases/petitions
25-1320,"John Rogne, Petitioner v. City of Catoosa, Oklahoma",0,0,2026-09-24,https://www.scotusblog.com/cases/petitions
25-1321,"Kevin Scott Karsjens, Individually and on Behalf of All Others Similarly Situated, et al., Petitioners v. Shireen Gandhi, et al",0,0,2026-09-24,https://www.scotusblog.com/cases/petitions
25-1322,"Majestic Realty Co., et al., Petitioners v. Alex Salazar",1,0,2026-09-24,https://www.scotusblog.com/cases/petitions
25-1323,"City of Bossier City, Louisiana, Petitioner v. Richard Hershey, et al",1,0,2026-09-24,https://www.scotusblog.com/cases/petitions
25-1327,"Jane Elizabeth Roberts, et al., Petitioners v. Bob Ferguson, Governor of Washington, et al",1,0,2026-09-24,https://www.scotusblog.com/cases/petitions
25-1329,"Wealthy, Inc., et al., Petitioners v. Spencer Cornelia, et al",0,0,2026-09-24,https://www.scotusblog.com/cases/petitions
25-1330,"Ramesh Sunny Balwani, Petitioner v. United States",1,0,2026-09-24,https://www.scotusblog.com/cases/petitions
25-1333,"Mark A. Pitzka, Petitioner v. Wisconsin",0,0,2026-09-24,https://www.scotusblog.com/cases/petitions
25-1334,"Colorado Bondshares, et al., Petitioners v. Marin Metropolitan District, et al",0,0,2026-09-24,https://www.scotusblog.com/cases/petitions
25-1336,"Stephanie M. Redding, Petitioner v. Markwayne Mullin, Secretary of Homeland Security",0,0,2026-09-24,https://www.scotusblog.com/cases/petitions
25-1337,"Bryan Pesta, Petitioner v. Laura Bloomberg, Individually and as President, Cleveland State University, et al",0,0,2026-09-24,https://www.scotusblog.com/cases/petitions
25-1338,"Jonathan Granado, Petitioner v. Juanita Ramirez, Individually and as Personal Representative of the Estate of Estevan Ramirez",0,1,2026-09-24,https://www.scotusblog.com/cases/petitions
25-1339,"David Greene, Jr., et al., Petitioners v. Kansas Department of Revenue, et al",0,0,2026-09-24,https://www.scotusblog.com/cases/petitions
25-1340,"Blessing Nwosu, Petitioner v. 1600 West Loop South, L.L.C., et al",0,0,2026-09-24,https://www.scotusblog.com/cases/petitions
25-1343,"Todd Blanche, Attorney General, Petitioner v. Izuchukwu Ozurumba",1,0,2026-09-24,https://www.scotusblog.com/cases/petitions
25-1346,"Michael Webb, Petitioner v. Edmund Trombley, Corrections Officer, Great Meadow Correctional Facility, et al",0,0,2026-09-24,https://www.scotusblog.com/cases/petitions
25-1347,"Miguel Angel Delgado, Jr., Petitioner v. United States",0,0,2026-09-24,https://www.scotusblog.com/cases/petitions
25-1348,"Patrick Harrington, Individually and as Prosecutor of Tippecanoe County, Indiana, et al., Petitioners v. Randall Martin",0,0,2026-09-24,https://www.scotusblog.com/cases/petitions
25-1349,"Roxane M. Marschner, Petitioner v. Richard A. Marschner",1,0,2026-09-24,https://www.scotusblog.com/cases/petitions
25-1350,"Flagstar Bank, N.A., Petitioner v. William Kivett, et al",1,0,2026-09-24,https://www.scotusblog.com/cases/petitions
25-1351,"Katrina Parker, Petitioner v. New Jersey Motor Vehicle Commission, et al",0,0,2026-09-24,https://www.scotusblog.com/cases/petitions
25-1352,"Deborah Kollman, as Executor of the Estate of Stephanie A. Smith, Petitioner v. Mercy Health-Clermont Hospital, LLC, et al",0,0,2026-09-24,https://www.scotusblog.com/cases/petitions
25-1354,"William J. Shelton, Petitioner v. Cuyahoga Metropolitan Housing Authority, et al",0,0,2026-09-24,https://www.scotusblog.com/cases/petitions
25-1355,"City of North Las Vegas, Nevada, et al., Petitioners v. Genoa Jones, et al",0,0,2026-09-24,https://www.scotusblog.com/cases/petitions
25-1356,"Walter A. Bernard, Petitioner v. Philip A. Ignelzi, Individually and as Judge, Court of Common Pleas, Allegheny County, Pennsylvania",0,0,2026-09-24,https://www.scotusblog.com/cases/petitions
25-1357,"William T. Cooley, Petitioner v. United States",0,0,2026-09-24,https://www.scotusblog.com/cases/petitions
25-1358,"NHK Spring Co., Ltd., et al., Petitioners v. Seagate Technology LLC, et al",1,0,2026-09-24,https://www.scotusblog.com/cases/petitions
25-1359,"TitleMax of Virginia, Inc., et al., Petitioners v. Wendy S. Spicher, Secretary, Pennsylvania Department of Banking and Securities",0,1,2026-09-24,https://www.scotusblog.com/cases/petitions
25-1360,"Cade Brumley, Superintendent, Louisiana State Education, et al., Petitioners v. Darcy Roake, Reverend, Individually and on Behalf of Their Minor Children, Real Parties in Interest A. V. and S. V., et al",0,1,2026-09-24,https://www.scotusblog.com/cases/petitions
25-1361,"Steve Snyder, et al., Petitioners v. Village of Luckey, Ohio",0,0,2026-09-24,https://www.scotusblog.com/cases/petitions
25-1363,"Gregory Allen Bonnie, Petitioner v. Dunbar, Warden",0,0,2026-09-24,https://www.scotusblog.com/cases/petitions
25-1364,"Ricky Z. Barlow, Petitioner v. United States",0,0,2026-09-24,https://www.scotusblog.com/cases/petitions
25-1365,"Zillow Group, Inc., et al., Petitioners v. Jeremy Jaeger, Individually and on Behalf of All Others Similarly Situated",0,0,2026-09-24,https://www.scotusblog.com/cases/petitions
25-1369,"Black Farmers and Agriculturalists Association, Inc., et al., Petitioners v. Brooke L. Rollins, Secretary of Agriculture, et al",0,0,2026-09-24,https://www.scotusblog.com/cases/petitions
25-1373,"Trinseo Europe GmbH, Petitioner v. Kellogg Brown & Root, L.L.C., et al",0,0,2026-09-24,https://www.scotusblog.com/cases/petitions
25-1375,"Eugene N. Bolin, Jr., Petitioner v. Keystone RV Company",0,0,2026-09-24,https://www.scotusblog.com/cases/petitions
25-1376,"ON24, Inc., et al., Petitioners v. Leadersel Innotech ESG",0,1,2026-09-24,https://www.scotusblog.com/cases/petitions
25-1378,"Jacqueline Colson, Petitioner v. Hennepin County, Minnesota",0,0,2026-09-24,https://www.scotusblog.com/cases/petitions
25-1383,"Indian Harbor Insurance Company, et al., Petitioners v. Town of Vinton, Louisiana, et al",0,1,2026-09-24,https://www.scotusblog.com/cases/petitions
25-1384,"Jerry Wayne Beane, Petitioner v. United States",0,0,2026-09-24,https://www.scotusblog.com/cases/petitions
25-1385,"Endure Industries, Incorporated, Petitioner v. Vizient Incorporated, a Delaware corporation, et al",0,0,2026-09-24,https://www.scotusblog.com/cases/petitions
25-1387,"Sunoco Partners Marketing & Terminals L.P., Petitioner v. Powder Springs Logistics, LLC, et al",0,0,2026-09-24,https://www.scotusblog.com/cases/petitions
25-1388,"United Biologics, LLC, dba United Allergy Services, Petitioner v. Amerigroup Tennessee, Inc., dba Amerigroup Community Care, et al",1,0,2026-09-24,https://www.scotusblog.com/cases/petitions
25-1389,"Richard Hershey, Petitioner v. City of Bossier City, Louisiana, et al",1,0,2026-09-24,https://www.scotusblog.com/cases/petitions
25-1397,"Naicom Corporation, et al., Petitioners v. DISH Network Corporation, et al",0,0,2026-09-24,https://www.scotusblog.com/cases/petitions
25-1398,"Ernest F. Mitchell, Petitioner v. Hung Cao, Acting Secretary of the Navy",0,0,2026-09-24,https://www.scotusblog.com/cases/petitions
25-1399,"Jamar M. Davis, Petitioner v. United States",0,0,2026-09-24,https://www.scotusblog.com/cases/petitions
25-1400,"Scott Troogstad, et al., Petitioners v. City of Chicago, Illinois",0,0,2026-09-24,https://www.scotusblog.com/cases/petitions
25-1402,"Kimberly R. Sweidy, Petitioner v. Spring Ridge Academy, an Arizona Corporation, et al",0,0,2026-09-24,https://www.scotusblog.com/cases/petitions
25-1404,"StandWithUs Center for Legal Justice, et al., Petitioners v. Massachusetts Institute of Technology",1,0,2026-09-24,https://www.scotusblog.com/cases/petitions
25-1406,"Emily Laughlin, Petitioner v. Miami-Dade County, Florida",0,0,2026-09-24,https://www.scotusblog.com/cases/petitions
25-1408,"Goldman Sachs Bank USA, dba Marcus by Goldman Sachs, Petitioner v. Rhea Ann Brown, et al",1,0,2026-09-24,https://www.scotusblog.com/cases/petitions
25-1409,"Marmic, LLC, et al., Petitioners v. Sergio Lopez",0,0,2026-09-24,https://www.scotusblog.com/cases/petitions
25-1415,"Matthew Putra, Director of the Detroit Field Office of U.S. Immigration and Customs Enforcement, et al., Petitioners v. Juan Manuel Lopez-Campos, et al",1,0,2026-09-24,https://www.scotusblog.com/cases/petitions
25-1418,"El Centro del Barrio, dba CentroMed, Petitioner v. Arturo Gonzalez",0,0,2026-09-24,https://www.scotusblog.com/cases/petitions
25-1419,"G. W., a Minor, By and Through Her Guardian ad Litem, Nicole Ward, et al., Petitioners v. Coronado Unified School District, et al",0,0,2026-09-24,https://www.scotusblog.com/cases/petitions
25-1420,"Betty Jo Shelby, Petitioner v. Michael Manning, as Administrator of the Estate of Terence Crutcher, Sr., et al",0,0,2026-09-24,https://www.scotusblog.com/cases/petitions
25-1421,"Christina Casarez, Petitioner v. Irigoyen Farms, Inc., et al",0,0,2026-09-24,https://www.scotusblog.com/cases/petitions
25-1425,"Brian D. Howard, Petitioner v. United States",0,0,2026-09-24,https://www.scotusblog.com/cases/petitions
25-1427,"Independent Specialty Insurance Company, Petitioner v. Apex Hospitality Group, L.L.C",0,0,2026-09-24,https://www.scotusblog.com/cases/petitions
25-1428,"Bradley J. Chilelli, Petitioner v. Signify North America Corporation",0,0,2026-09-24,https://www.scotusblog.com/cases/petitions
25-1431,"DTLD L.L.C., et al., Petitioners v. The Power Station Limited Partnership, et al",0,0,2026-09-24,https://www.scotusblog.com/cases/petitions
26-1,"Sunoco, Inc. (R&M), et al., Petitioners v. Perry Cline, Individually and on Behalf of All Others Similarly Situated",1,0,2026-09-24,https://www.scotusblog.com/cases/petitions
26-2,"Independent Specialty Insurance Company, et al., Petitioners v. Lower Cameron Hospital Service District, et al",0,0,2026-09-24,https://www.scotusblog.com/cases/petitions
26-3,"Stephanie Andrews, et al., Petitioners v. Lands' End, Inc., et al",0,0,2026-09-24,https://www.scotusblog.com/cases/petitions
26-4,"Samsung Electronics America, Inc., Petitioner v. Jordan Brewer",0,1,2026-09-24,https://www.scotusblog.com/cases/petitions
26-5,"Gwynne A. Wilcox, Petitioner v. Donald J. Trump, President of the United States, et al",0,1,2026-09-24,https://www.scotusblog.com/cases/petitions
26-7,"Capital Security Systems, Inc., Petitioner v. NCR Voyix Corporation",0,0,2026-09-24,https://www.scotusblog.com/cases/petitions
26-10,"Derrick Duane Barker, Petitioner v. City of Weatherford, Oklahoma, ex rel. Weatherford Police Department, et al",0,0,2026-09-24,https://www.scotusblog.com/cases/petitions
26-14,"Adan Munoz Renova, Petitioner v. Todd Blanche, Attorney General",0,0,2026-09-24,https://www.scotusblog.com/cases/petitions
26-15,"Gary Perez, et al., Petitioners v. City of San Antonio, Texas",0,1,2026-09-24,https://www.scotusblog.com/cases/petitions
26-17,"Dr. Douglas Schottenstein, et al., Petitioners v. Orthogen International GmbH",0,0,2026-09-24,https://www.scotusblog.com/cases/petitions
26-18,"Gary Westcott, Secretary, Louisiana Department of Public Safety and Corrections, et al., Petitioners v. Voice of the Experienced, et al",0,0,2026-09-24,https://www.scotusblog.com/cases/petitions
26-19,"Allison Nguyen, Petitioner v. Louisiana",0,1,2026-09-24,https://www.scotusblog.com/cases/petitions
26-20,"Amy Arzamendi, et al., Petitioners v. Pete Hegseth, Secretary of Defense, et al",0,0,2026-09-24,https://www.scotusblog.com/cases/petitions
26-22,"Douglas B. Moylan, Attorney General of Guam, Petitioner v. Guam Society of Obstetrician and Gynecologists, et al",0,1,2026-09-24,https://www.scotusblog.com/cases/petitions
26-23,"TMX Finance Corporate Services, Incorporated, Petitioner v. Wendy S. Spicher, Secretary, Pennsylvania Department of Banking and Securities",0,0,2026-09-24,https://www.scotusblog.com/cases/petitions
26-25,"Lexon Insurance Company, Inc., Petitioner v. Chevron U.S.A. Inc., et al",0,0,2026-09-24,https://www.scotusblog.com/cases/petitions
26-26,"John Miguel Swan, Petitioner v. United States",0,0,2026-09-24,https://www.scotusblog.com/cases/petitions
26-29,"Mead Johnson & Company, LLC, et al., Petitioners v. Clarissa Greear, Individually and on Behalf of Her Minor Child B. H., et al",0,1,2026-09-24,https://www.scotusblog.com/cases/petitions
26-30,"Santos Arnulfo Turcios-Berrios, Petitioner v. Todd Blanche, Attorney General",0,0,2026-09-24,https://www.scotusblog.com/cases/petitions
26-31,"William T. Savage, Sr., Petitioner v. LaSalle Management Company, aka LaSalle Correctional Center, et al",0,0,2026-09-24,https://www.scotusblog.com/cases/petitions
26-33,"Keith Raniere, Petitioner v. United States",0,0,2026-09-24,https://www.scotusblog.com/cases/petitions
26-35,"Anthony McCord, Petitioner v. Bennie Thorpe, Superintendent, Marcy Correctional Facility, et al",0,0,2026-09-24,https://www.scotusblog.com/cases/petitions
26-37,"New Mexico, Petitioner v. Samuel Neal",0,0,2026-09-24,https://www.scotusblog.com/cases/petitions
26-39,"Wilton Rancheria, Petitioner v. UNITE HERE International Union",0,0,2026-09-24,https://www.scotusblog.com/cases/petitions
26-43,"Victor Buenrostro-Mendez, et al., Petitioners v. Todd Blanche, Attorney General, et al",0,0,2026-09-24,https://www.scotusblog.com/cases/petitions
26-44,"Minnesota Medical University, LLC, et al., Petitioners v. Heritage Construction Companies, LLC, et al",0,0,2026-09-24,https://www.scotusblog.com/cases/petitions
26-46,"Nunzio Calce, et al., Petitioners v. City of New York, New York, et al",0,1,2026-09-24,https://www.scotusblog.com/cases/petitions
26-47,"Amazon Logistics, Inc., et al., Petitioners v. Dirk Clinton, et al",0,1,2026-09-24,https://www.scotusblog.com/cases/petitions
26-48,"Markwayne Mullin, Secretary, Department of Homeland Security, et al., Petitioners v. National TPS Alliance, et al",1,0,2026-09-24,https://www.scotusblog.com/cases/petitions
26-49,"Brenna Bird, Attorney General of Iowa, Petitioner v. Iowa Migrant Movement for Justice, et al",0,0,2026-09-24,https://www.scotusblog.com/cases/petitions
26-50,"Daniel Joseph Tisone, Petitioner v. United States",0,0,2026-09-24,https://www.scotusblog.com/cases/petitions
26-51,"Christopher L. Carroll and Whiskey Dix Big Truck Repair, LLC, Petitioners v. United States",0,0,2026-09-24,https://www.scotusblog.com/cases/petitions
26-52,"Urve Maggitti, Petitioner v. Pennsylvania",0,0,2026-09-24,https://www.scotusblog.com/cases/petitions
26-54,"Jackson Wells, as Personal Representative for the Estate of Thomas E. Wells, Deceased, et al., Petitioners v. BNSF Railway Company, a Delaware corporation",0,0,2026-09-24,https://www.scotusblog.com/cases/petitions
26-57,"Mazen Alotaibi, Petitioner v. Nethanjah Breitenbach, Warden, et al",0,0,2026-09-24,https://www.scotusblog.com/cases/petitions
26-59,"John David Peterson, Petitioner v. Nevada County, California, et al",0,0,2026-09-24,https://www.scotusblog.com/cases/petitions
26-60,"Daniel Defense, LLC, et al., Petitioners v. Karen Lowy, Individually and as Parent and Next Friend of N. T., et al",0,1,2026-09-24,https://www.scotusblog.com/cases/petitions
26-61,"Shosh Yonay, et al., Petitioners v. Paramount Pictures Corporation",0,1,2026-09-24,https://www.scotusblog.com/cases/petitions
26-63,"Anthony M. Clark, Petitioner v. United States",0,0,2026-09-24,https://www.scotusblog.com/cases/petitions
26-64,"Scott Williams, Petitioner v. Frank Bisignano, Commissioner of Social Security",0,0,2026-09-24,https://www.scotusblog.com/cases/petitions
26-68,"Juan Martinez, Petitioner v. United States",1,0,2026-09-24,https://www.scotusblog.com/cases/petitions
26-69,"Jason Green, Petitioner v. Kenny Perkins, Individually and as a Deputy Sheriff for Adair County Sheriff's Office, et al",0,0,2026-09-24,https://www.scotusblog.com/cases/petitions
26-70,"Steven A. McKinnis, Petitioner v. Department of the Interior",0,0,2026-09-24,https://www.scotusblog.com/cases/petitions
26-72,"Euclides Bartolome Bugliotti, et al., Petitioners v. Republic of Argentina",0,0,2026-09-24,https://www.scotusblog.com/cases/petitions
26-74,"Ric Logg, et al., Petitioners v. TIG Insurance Company",0,0,2026-09-24,https://www.scotusblog.com/cases/petitions
26-77,"Caesarstone Ltd., Petitioner v. Superior Court of California, Los Angeles County, et al",0,0,2026-09-24,https://www.scotusblog.com/cases/petitions
26-79,"Rene Acosta-Tapia, Petitioner v. Todd Blanche, Attorney General",0,0,2026-09-24,https://www.scotusblog.com/cases/petitions
26-84,"Garten Trucking LC, Petitioner v. National Labor Relations Board, et al",0,0,2026-09-24,https://www.scotusblog.com/cases/petitions
26-86,"Virginia Galindo-Vazquez, et al., Petitioners v. Todd Blanche, Attorney General",0,0,2026-09-24,https://www.scotusblog.com/cases/petitions
26-88,"Alaska Policy Forum, Petitioner v. Alaska Public Offices Commission, et al",0,1,2026-09-24,https://www.scotusblog.com/cases/petitions
26-90,"Leonarda Bautista, Individually and as Parent and Natural Guardian of A. B., Petitioner v. Kamar H. Samuels, Chancellor of the New York City Department of Education, et al",0,0,2026-09-24,https://www.scotusblog.com/cases/petitions
26-91,"Richard Stuart Ross, Petitioner v. United States",0,0,2026-09-24,https://www.scotusblog.com/cases/petitions
26-92,"ASAP Cruises, Inc., Petitioner v. Wisconsin Department of Revenue",0,0,2026-09-24,https://www.scotusblog.com/cases/petitions
26-94,"City of Santa Maria, California, et al., Petitioners v. Adolfo Cardenas",0,1,2026-09-24,https://www.scotusblog.com/cases/petitions
26-97,"Ariella Hellman, on Their Own Behalf and as Next Friend of Their Child, E. H., et al., Petitioners v. Katherine Craven, Chair, Massachusetts Board of Elementary and Secondary Education, et al",0,1,2026-09-24,https://www.scotusblog.com/cases/petitions
26-98,"Public Interest Legal Foundation, Inc., Petitioner v. Scott T. Nago, Chief Election Officer of the State of Hawaii",0,1,2026-09-24,https://www.scotusblog.com/cases/petitions
26-100,"Shannon Cross, Petitioner v. Central Contra Costa Transit Authority",0,0,2026-09-24,https://www.scotusblog.com/cases/petitions
26-101,"Randy A. Thomas, Petitioner v. Cynthia Davis, Warden",0,0,2026-09-24,https://www.scotusblog.com/cases/petitions
26-104,"Philip L. Rhoney, Acting Director of the Buffalo Field Office of U.S. Immigration and Customs Enforcement, Petitioner v. Ricardo Aparecido Barbosa da Cunha",1,0,2026-09-24,https://www.scotusblog.com/cases/petitions
26-107,"Garnell Walls, Petitioner v. Prince George's County, Maryland, et al",0,1,2026-09-24,https://www.scotusblog.com/cases/petitions
26-108,"Mark Miller, et al., Petitioners v. City of Burien, et al",0,0,2026-09-24,https://www.scotusblog.com/cases/petitions
26-110,"Tedford's Tenancy, LLC, Petitioner v. City of New York, New York, et al",0,0,2026-09-24,https://www.scotusblog.com/cases/petitions
26-112,"Neil McDougall, Petitioner v. Saudi Arabian Oil Company, dba Saudi Aramco",0,0,2026-09-24,https://www.scotusblog.com/cases/petitions
26-114,"Frederick L. Allen, et al., Petitioners v. Joshua Stein, Governor of North Carolina, et al",0,1,2026-09-24,https://www.scotusblog.com/cases/petitions
26-121,"Joseph Basso, Petitioner v. Jose Rodriguez, et al",0,0,2026-09-24,https://www.scotusblog.com/cases/petitions
26-122,"Roy Stewart Moore, Petitioner v. Senate Majority PAC, ""SMP""",0,0,2026-09-24,https://www.scotusblog.com/cases/petitions
26-123,"Debra Nevins, Petitioner v. DCH Health Systems, DCH Health Care Authority, et al",0,0,2026-09-24,https://www.scotusblog.com/cases/petitions
26-125,"Jose Manuel Mendoza, Petitioner v. United States",0,0,2026-09-24,https://www.scotusblog.com/cases/petitions
26-127,"Safron Capital Corporation, et al., Petitioners v. Elanco Animal Health Inc., et al",0,0,2026-09-24,https://www.scotusblog.com/cases/petitions
26-130,"Teck Metals Ltd., fka Teck Cominco Metals Ltd., a Canadian corporation, Petitioner v. Confederated Tribes of the Colville Reservation",1,0,2026-09-24,https://www.scotusblog.com/cases/petitions
26-131,"Jonatan O. RosarioMartinez, Petitioner v. United States",0,0,2026-09-24,https://www.scotusblog.com/cases/petitions
26-134,"Edward S. Phillips, Petitioner v. Matthew Plummer, Warden",0,0,2026-09-24,https://www.scotusblog.com/cases/petitions
26-135,"Antoinette Williams, Petitioner v. LOGS Legal Group, LLP",0,0,2026-09-24,https://www.scotusblog.com/cases/petitions
26-138,"Steven T. Savage, et ux., Petitioners v. Coastal Capital, LLC",0,0,2026-09-24,https://www.scotusblog.com/cases/petitions
26-148,"R. S., a Minor Child, By His Next of Friend and Legal Guardian, V. H., et al., Petitioners v. Susan Hickey, et al",0,0,2026-09-24,https://www.scotusblog.com/cases/petitions
26-149,"Accord Trucking, Inc., Petitioner v. FedEx Ground Package System, Inc",0,0,2026-09-24,https://www.scotusblog.com/cases/petitions
26-154,"Angelo L. Cepeda, Petitioner v. United States",0,0,2026-09-24,https://www.scotusblog.com/cases/petitions
26-155,"Okechukwu Dimkpa, Petitioner v. United States",0,0,2026-09-24,https://www.scotusblog.com/cases/petitions
26-156,"Springfield R-12 School District, et al., Petitioners v. Brooke Henderson, et al",0,0,2026-09-24,https://www.scotusblog.com/cases/petitions
26-160,"Makhi Brockenborough, Petitioner v. United States",0,0,2026-09-24,https://www.scotusblog.com/cases/petitions
26-161,"W. A. Griffin, M.D., Petitioner v. Emory Healthcare, Inc., et al",0,0,2026-09-24,https://www.scotusblog.com/cases/petitions
26-162,"Edlando M. Watson, Petitioner v. United States",0,0,2026-09-24,https://www.scotusblog.com/cases/petitions
26-164,"A. A., et al., Petitioners v. Joshua Mast, et al",0,1,2026-09-24,https://www.scotusblog.com/cases/petitions
26-166,"John A. Evangelista, Petitioner v. United States",0,0,2026-09-24,https://www.scotusblog.com/cases/petitions
26-170,"Federal Express Corporation, Petitioner v. Qualcomm Incorporated, et al",0,1,2026-09-24,https://www.scotusblog.com/cases/petitions
26-182,"Laura Hendrix, Executive Secretary, Kentucky Judicial Conduct Commission, et al., Petitioners v. Donna Greenwell Dutton, Judge, 53rd Judicial District, Division 2, Kentucky",0,0,2026-09-24,https://www.scotusblog.com/cases/petitions
26-183,"United Airlines, Incorporated, Petitioner v. Genise Kincannon, Individually and on Behalf of All Others Similarly Situated, et al",1,0,2026-09-24,https://www.scotusblog.com/cases/petitions
26-188,"Dream Big Media, Inc., et al., Petitioners v. Alphabet Inc., et al",0,0,2026-09-24,https://www.scotusblog.com/cases/petitions
26-190,"Jeffrey R. Owen, Petitioner v. United States",0,0,2026-09-24,https://www.scotusblog.com/cases/petitions
26-194,"Mei Guo, et al., Petitioners v. Luc A. Despins, Chapter 11 Trustee",0,0,2026-09-24,https://www.scotusblog.com/cases/petitions
26-200,"Melissa Suzette Arzu, Individually and as Administrator of the Estate of Kevin Greenidge, Petitioner v. American Airlines, Incorporated",0,0,2026-09-24,https://www.scotusblog.com/cases/petitions
26-206,"Lisa Ferraro, Petitioner v. United States",0,0,2026-09-24,https://www.scotusblog.com/cases/petitions
26-211,"Kimberly Vaughn as Administrator of the Estate of Mohammad J. Isaifan, Deceased, Petitioner v. Jamie Rea, et al",0,0,2026-09-24,https://www.scotusblog.com/cases/petitions
26-215,"D. C., By His Parents and Guardians, Trevor Chaplick and Vivian Chaplick, et al., Petitioners v. Fairfax County School Board, et al",0,0,2026-09-24,https://www.scotusblog.com/cases/petitions
26-219,"Jaelen M. Johnson, Petitioner v. United States",0,0,2026-09-24,https://www.scotusblog.com/cases/petitions
26-222,"Cup Foods, Inc., et al., Petitioners v. City of Minneapolis, Minnesota, et al",0,0,2026-09-24,https://www.scotusblog.com/cases/petitions
26-231,"Mario Delaine, Petitioner v. United States",0,1,2026-09-24,https://www.scotusblog.com/cases/petitions
26-234,"Johnny Ford, Petitioner v. Florida",0,0,2026-09-24,https://www.scotusblog.com/cases/petitions
26-236,"US Patent No. 7,679,637 LLC, Petitioner v. Google LLC",0,0,2026-09-24,https://www.scotusblog.com/cases/petitions
26-238,"Broadcast Music, Inc., Petitioner v. North American Concert Promoters Association",0,1,2026-09-24,https://www.scotusblog.com/cases/petitions
26-244,"The Kroger Co., dba Fred Meyer, Inc., Petitioner v. Elisha Solano, Individually and on Behalf of Other Customers, et al",0,1,2026-09-24,https://www.scotusblog.com/cases/petitions
26-255,"Jeffrey M. Johnson, Sr., Petitioner v. Bob Jacobson, Commissioner, Minnesota Department of Public Safety",0,0,2026-09-24,https://www.scotusblog.com/cases/petitions
26-268,"Michael Brock, et al., Petitioners v. City of Bellingham, Washington, et al",0,0,2026-09-24,https://www.scotusblog.com/cases/petitions
26-275,"Adam McLean, et al., Petitioners v. Delta Air Lines, Inc., a Delaware Corporation",1,0,2026-09-24,https://www.scotusblog.com/cases/petitions
